image,day,month,year
1,18,2,2000
2,5,3,2000
3,21,3,2000
4,6,4,2000
5,22,4,2000
6,8,5,2000
7,24,5,2000
8,9,6,2000
9,25,6,2000
10,11,7,2000
11,27,7,2000
12,12,8,2000
13,28,8,2000
14,13,9,2000
15,29,9,2000
16,15,10,2000
17,31,10,2000
18,16,11,2000
19,2,12,2000
20,18,12,2000
21,1,1,2001
22,17,1,2001
23,2,2,2001
24,18,2,2001
25,6,3,2001
26,22,3,2001
27,7,4,2001
28,23,4,2001
29,9,5,2001
30,25,5,2001
31,10,6,2001
32,26,6,2001
33,12,7,2001
34,28,7,2001
35,13,8,2001
36,29,8,2001
37,14,9,2001
38,30,9,2001
39,16,10,2001
40,1,11,2001
41,17,11,2001
42,3,12,2001
43,19,12,2001
44,1,1,2002
45,17,1,2002
46,2,2,2002
47,18,2,2002
48,6,3,2002
49,22,3,2002
50,7,4,2002
51,23,4,2002
52,9,5,2002
53,25,5,2002
54,10,6,2002
55,26,6,2002
56,12,7,2002
57,28,7,2002
58,13,8,2002
59,29,8,2002
60,14,9,2002
61,30,9,2002
62,16,10,2002
63,1,11,2002
64,17,11,2002
65,3,12,2002
66,19,12,2002
67,1,1,2003
68,17,1,2003
69,2,2,2003
70,18,2,2003
71,6,3,2003
72,22,3,2003
73,7,4,2003
74,23,4,2003
75,9,5,2003
76,25,5,2003
77,10,6,2003
78,26,6,2003
79,12,7,2003
80,28,7,2003
81,13,8,2003
82,29,8,2003
83,14,9,2003
84,30,9,2003
85,16,10,2003
86,1,11,2003
87,17,11,2003
88,3,12,2003
89,19,12,2003
90,1,1,2004
91,17,1,2004
92,2,2,2004
93,18,2,2004
94,5,3,2004
95,21,3,2004
96,6,4,2004
97,22,4,2004
98,8,5,2004
99,24,5,2004
100,9,6,2004
101,25,6,2004
102,11,7,2004
103,27,7,2004
104,12,8,2004
105,28,8,2004
106,13,9,2004
107,29,9,2004
108,15,10,2004
109,31,10,2004
110,16,11,2004
111,2,12,2004
112,18,12,2004
113,1,1,2005
114,17,1,2005
115,2,2,2005
116,18,2,2005
117,6,3,2005
118,22,3,2005
119,7,4,2005
120,23,4,2005
121,9,5,2005
122,25,5,2005
123,10,6,2005
124,26,6,2005
125,12,7,2005
126,28,7,2005
127,13,8,2005
128,29,8,2005
129,14,9,2005
130,30,9,2005
131,16,10,2005
132,1,11,2005
133,17,11,2005
134,3,12,2005
135,19,12,2005
136,1,1,2006
137,17,1,2006
138,2,2,2006
139,18,2,2006
140,6,3,2006
141,22,3,2006
142,7,4,2006
143,23,4,2006
144,9,5,2006
145,25,5,2006
146,10,6,2006
147,26,6,2006
148,12,7,2006
149,28,7,2006
150,13,8,2006
151,29,8,2006
152,14,9,2006
153,30,9,2006
154,16,10,2006
155,1,11,2006
156,17,11,2006
157,3,12,2006
158,19,12,2006
159,1,1,2007
160,17,1,2007
161,2,2,2007
162,18,2,2007
163,6,3,2007
164,22,3,2007
165,7,4,2007
166,23,4,2007
167,9,5,2007
168,25,5,2007
169,10,6,2007
170,26,6,2007
171,12,7,2007
172,28,7,2007
173,13,8,2007
174,29,8,2007
175,14,9,2007
176,30,9,2007
177,16,10,2007
178,1,11,2007
179,17,11,2007
180,3,12,2007
181,19,12,2007
182,1,1,2008
183,17,1,2008
184,2,2,2008
185,18,2,2008
186,5,3,2008
187,21,3,2008
188,6,4,2008
189,22,4,2008
190,8,5,2008
191,24,5,2008
192,9,6,2008
193,25,6,2008
194,11,7,2008
195,27,7,2008
196,12,8,2008
197,28,8,2008
198,13,9,2008
199,29,9,2008
200,15,10,2008
201,31,10,2008
202,16,11,2008
203,2,12,2008
204,18,12,2008
205,1,1,2009
206,17,1,2009
207,2,2,2009
208,18,2,2009
209,6,3,2009
210,22,3,2009
211,7,4,2009
212,23,4,2009
213,9,5,2009
214,25,5,2009
215,10,6,2009
216,26,6,2009
217,12,7,2009
218,28,7,2009
219,13,8,2009
220,29,8,2009
221,14,9,2009
222,30,9,2009
223,16,10,2009
224,1,11,2009
225,17,11,2009
226,3,12,2009
227,19,12,2009
228,1,1,2010
229,17,1,2010
230,2,2,2010
231,18,2,2010
232,6,3,2010
233,22,3,2010
234,7,4,2010
235,23,4,2010
236,9,5,2010
237,25,5,2010
238,10,6,2010
239,26,6,2010
240,12,7,2010
241,28,7,2010
242,13,8,2010
243,29,8,2010
244,14,9,2010
245,30,9,2010
246,16,10,2010
247,1,11,2010
248,17,11,2010
249,3,12,2010
250,19,12,2010
251,1,1,2011
252,17,1,2011
253,2,2,2011
254,18,2,2011
255,6,3,2011
256,22,3,2011
257,7,4,2011
258,23,4,2011
259,9,5,2011
260,25,5,2011
261,10,6,2011
262,26,6,2011
263,12,7,2011
264,28,7,2011
265,13,8,2011
266,29,8,2011
267,14,9,2011
268,30,9,2011
269,16,10,2011
270,1,11,2011
271,17,11,2011
272,3,12,2011
273,19,12,2011
274,1,1,2012
275,17,1,2012
276,2,2,2012
277,18,2,2012
278,5,3,2012
279,21,3,2012
280,6,4,2012
